{"cameraMode":{"drawMode":0,"name":"Shaded","section":"Shading Mode"},"sceneLighting":true,"audioPlay":false,"sceneViewState":{"m_AlwaysRefresh":false,"showFog":true,"showSkybox":true,"showFlares":true,"showImageEffects":true,"showParticleSystems":true,"showVisualEffectGraphs":true,"m_FxEnabled":true},"in2DMode":false,"pivot":{"x":1.1558881998062134,"y":-7.1751813888549809,"z":8.800538063049317},"rotation":{"x":-0.27066224813461306,"y":-0.029166219756007196,"z":0.008204295299947262,"w":-0.962198793888092},"size":15.566612243652344,"orthographic":false}